[
  {"model": "core.cycle", "pk": 1, "fields": {"nom": "Licence", "ordre": 1}},
  {"model": "core.cycle", "pk": 2, "fields": {"nom": "Master", "ordre": 2}},
  {"model": "core.cycle", "pk": 3, "fields": {"nom": "Doctorat", "ordre": 3}},
  {"model": "core.cycle", "pk": 4, "fields": {"nom": "DUT / BTS", "ordre": 4}},
  {"model": "core.cycle", "pk": 5, "fields": {"nom": "CPGE", "ordre": 5}},
  {"model": "core.cycle", "pk": 6, "fields": {"nom": "Formation professionnelle", "ordre": 6}},

  {"model": "core.domaine", "pk": 1, "fields": {"nom": "Ingénierie & Technologies"}},
  {"model": "core.domaine", "pk": 2, "fields": {"nom": "Sciences & Mathématiques"}},
  {"model": "core.domaine", "pk": 3, "fields": {"nom": "Médecine & Sciences de la Santé"}},
  {"model": "core.domaine", "pk": 4, "fields": {"nom": "Économie, Gestion & Commerce"}},
  {"model": "core.domaine", "pk": 5, "fields": {"nom": "Droit & Sciences Politiques"}},
  {"model": "core.domaine", "pk": 6, "fields": {"nom": "Lettres, Sciences Humaines & Sociales"}},
  {"model": "core.domaine", "pk": 7, "fields": {"nom": "Architecture & Urbanisme"}},
  {"model": "core.domaine", "pk": 8, "fields": {"nom": "Agriculture & Environnement"}},
  {"model": "core.domaine", "pk": 9, "fields": {"nom": "Arts & Design"}},
  {"model": "core.domaine", "pk": 10, "fields": {"nom": "Autre"}},

  {"model": "core.filiere", "pk": 1, "fields": {"nom": "Génie Informatique", "domaine": 1}},
  {"model": "core.filiere", "pk": 2, "fields": {"nom": "Génie Civil", "domaine": 1}},
  {"model": "core.filiere", "pk": 3, "fields": {"nom": "Génie Électrique", "domaine": 1}},
  {"model": "core.filiere", "pk": 4, "fields": {"nom": "Génie Mécanique", "domaine": 1}},
  {"model": "core.filiere", "pk": 5, "fields": {"nom": "Génie Industriel", "domaine": 1}},
  {"model": "core.filiere", "pk": 6, "fields": {"nom": "Mathématiques Appliquées", "domaine": 2}},
  {"model": "core.filiere", "pk": 7, "fields": {"nom": "Physique", "domaine": 2}},
  {"model": "core.filiere", "pk": 8, "fields": {"nom": "Chimie", "domaine": 2}},
  {"model": "core.filiere", "pk": 9, "fields": {"nom": "Médecine Générale", "domaine": 3}},
  {"model": "core.filiere", "pk": 10, "fields": {"nom": "Pharmacie", "domaine": 3}},
  {"model": "core.filiere", "pk": 11, "fields": {"nom": "Médecine Dentaire", "domaine": 3}},
  {"model": "core.filiere", "pk": 12, "fields": {"nom": "Sciences Infirmières", "domaine": 3}},
  {"model": "core.filiere", "pk": 13, "fields": {"nom": "Finance & Comptabilité", "domaine": 4}},
  {"model": "core.filiere", "pk": 14, "fields": {"nom": "Management & Stratégie", "domaine": 4}},
  {"model": "core.filiere", "pk": 15, "fields": {"nom": "Commerce International", "domaine": 4}},
  {"model": "core.filiere", "pk": 16, "fields": {"nom": "Marketing", "domaine": 4}},
  {"model": "core.filiere", "pk": 17, "fields": {"nom": "Droit Privé", "domaine": 5}},
  {"model": "core.filiere", "pk": 18, "fields": {"nom": "Droit Public", "domaine": 5}},
  {"model": "core.filiere", "pk": 19, "fields": {"nom": "Sciences Politiques", "domaine": 5}},
  {"model": "core.filiere", "pk": 20, "fields": {"nom": "Langues & Littérature", "domaine": 6}},
  {"model": "core.filiere", "pk": 21, "fields": {"nom": "Psychologie", "domaine": 6}},
  {"model": "core.filiere", "pk": 22, "fields": {"nom": "Sociologie", "domaine": 6}},
  {"model": "core.filiere", "pk": 23, "fields": {"nom": "Architecture", "domaine": 7}},
  {"model": "core.filiere", "pk": 24, "fields": {"nom": "Urbanisme & Aménagement", "domaine": 7}},
  {"model": "core.filiere", "pk": 25, "fields": {"nom": "Agronomie", "domaine": 8}},
  {"model": "core.filiere", "pk": 26, "fields": {"nom": "Environnement", "domaine": 8}},
  {"model": "core.filiere", "pk": 27, "fields": {"nom": "Arts Plastiques & Design", "domaine": 9}},
  {"model": "core.filiere", "pk": 28, "fields": {"nom": "Autre filière", "domaine": 10}},

  {"model": "core.niveau", "pk": 1, "fields": {"nom": "1ère année", "ordre": 1}},
  {"model": "core.niveau", "pk": 2, "fields": {"nom": "2ème année", "ordre": 2}},
  {"model": "core.niveau", "pk": 3, "fields": {"nom": "3ème année", "ordre": 3}},
  {"model": "core.niveau", "pk": 4, "fields": {"nom": "4ème année", "ordre": 4}},
  {"model": "core.niveau", "pk": 5, "fields": {"nom": "5ème année", "ordre": 5}},
  {"model": "core.niveau", "pk": 6, "fields": {"nom": "6ème année", "ordre": 6}},
  {"model": "core.niveau", "pk": 7, "fields": {"nom": "Master 1", "ordre": 7}},
  {"model": "core.niveau", "pk": 8, "fields": {"nom": "Master 2", "ordre": 8}},
  {"model": "core.niveau", "pk": 9, "fields": {"nom": "Doctorant", "ordre": 9}}
]
